date,fragility,stress
1990-01-05,58.7,
1990-01-12,59.0,
1990-01-19,59.2,
1990-01-26,59.4,
1990-02-02,59.5,
1990-02-09,57.3,
1990-02-16,57.1,
1990-02-23,57.0,
1990-03-02,56.9,
1990-03-09,55.1,
1990-03-16,55.4,
1990-03-23,55.7,
1990-03-30,56.0,
1990-04-06,57.2,
1990-04-13,57.6,
1990-04-20,57.8,
1990-04-27,57.8,
1990-05-04,57.2,
1990-05-11,56.7,
1990-05-18,55.5,
1990-05-25,54.8,
1990-06-01,54.2,
1990-06-08,55.6,
1990-06-15,55.0,
1990-06-22,54.6,
1990-06-29,54.4,
1990-07-06,56.0,
1990-07-13,56.3,
1990-07-20,57.0,
1990-07-27,57.8,
1990-08-03,58.4,
1990-08-10,58.8,
1990-08-17,60.4,
1990-08-24,61.6,
1990-08-31,62.9,
1990-09-07,58.5,
1990-09-14,59.7,
1990-09-21,60.5,
1990-09-28,61.2,
1990-10-05,58.9,
1990-10-12,59.4,
1990-10-19,59.5,
1990-10-26,59.6,
1990-11-02,59.6,
1990-11-09,57.8,
1990-11-16,57.8,
1990-11-23,57.9,
1990-11-30,57.9,
1990-12-07,59.6,
1990-12-14,59.8,
1990-12-21,60.1,
1990-12-28,60.1,
1991-01-04,60.0,80.7
1991-01-11,61.6,84.6
1991-01-18,60.8,70.3
1991-01-25,60.0,67.5
1991-02-01,58.9,60.0
1991-02-08,56.5,34.4
1991-02-15,55.0,19.1
1991-02-22,53.3,25.6
1991-03-01,51.6,18.7
1991-03-08,56.3,16.9
1991-03-15,55.7,19.4
1991-03-22,54.8,29.5
1991-03-29,53.9,17.1
1991-04-05,55.1,19.8
1991-04-12,54.6,12.9
1991-04-19,54.3,15.0
1991-04-26,54.2,24.4
1991-05-03,54.1,21.0
1991-05-10,55.2,30.0
1991-05-17,55.2,36.4
1991-05-24,55.4,28.7
1991-05-31,55.4,10.1
1991-06-07,54.9,27.9
1991-06-14,54.8,25.2
1991-06-21,54.4,34.0
1991-06-28,54.0,45.9
1991-07-05,53.1,42.3
1991-07-12,52.5,33.6
1991-07-19,52.0,28.5
1991-07-26,51.6,36.2
1991-08-02,51.1,27.2
1991-08-09,50.8,29.3
1991-08-16,50.1,34.8
1991-08-23,49.8,24.6
1991-08-30,49.6,26.3
1991-09-06,51.0,39.3
1991-09-13,50.9,49.2
1991-09-20,50.7,43.4
1991-09-27,50.7,48.2
1991-10-04,50.7,57.1
1991-10-11,50.1,57.6
1991-10-18,50.0,41.0
1991-10-25,49.9,56.3
1991-11-01,49.8,46.0
1991-11-08,49.6,44.3
1991-11-15,49.6,61.2
1991-11-22,49.6,68.1
1991-11-29,49.5,69.0
1991-12-06,49.2,65.4
1991-12-13,49.2,60.0
1991-12-20,49.1,57.4
1991-12-27,49.1,32.9
1992-01-03,49.1,23.0
1992-01-10,49.7,30.8
1992-01-17,49.9,26.9
1992-01-24,49.9,33.5
1992-01-31,50.0,44.7
1992-02-07,53.6,42.1
1992-02-14,53.6,40.8
1992-02-21,53.6,42.9
1992-02-28,53.6,41.6
1992-03-06,53.1,56.0
1992-03-13,53.0,54.1
1992-03-20,52.7,45.5
1992-03-27,52.6,58.8
1992-04-03,52.4,61.0
1992-04-10,51.5,58.6
1992-04-17,51.2,40.3
1992-04-24,51.1,52.8
1992-05-01,51.0,47.5
1992-05-08,51.1,42.3
1992-05-15,51.0,53.2
1992-05-22,51.0,47.1
1992-05-29,50.9,44.9
1992-06-05,51.7,49.3
1992-06-12,51.6,55.9
1992-06-19,51.6,63.5
1992-06-26,51.6,63.9
1992-07-03,51.6,53.4
1992-07-10,50.7,49.1
1992-07-17,50.7,47.8
1992-07-24,50.7,55.6
1992-07-31,50.7,37.4
1992-08-07,51.5,48.2
1992-08-14,51.6,47.0
1992-08-21,51.7,56.8
1992-08-28,51.8,57.1
1992-09-04,51.9,53.9
1992-09-11,52.4,50.2
1992-09-18,52.5,44.7
1992-09-25,52.6,60.9
1992-10-02,52.8,65.2
1992-10-09,52.8,72.1
1992-10-16,53.3,63.7
1992-10-23,53.6,61.4
1992-10-30,53.8,54.3
1992-11-06,53.0,56.6
1992-11-13,52.9,47.6
1992-11-20,52.6,41.3
1992-11-27,52.1,38.5
1992-12-04,51.8,37.2
1992-12-11,52.9,39.0
1992-12-18,52.7,30.5
1992-12-25,52.5,33.5
1993-01-01,52.3,41.2
1993-01-08,53.3,54.3
1993-01-15,53.1,39.5
1993-01-22,53.0,42.4
1993-01-29,53.0,38.5
1993-02-05,52.6,28.7
1993-02-12,52.6,37.0
1993-02-19,52.7,56.6
1993-02-26,52.7,39.9
1993-03-05,53.1,36.2
1993-03-12,53.1,36.4
1993-03-19,53.1,36.8
1993-03-26,53.1,42.0
1993-04-02,53.1,54.8
1993-04-09,53.5,54.7
1993-04-16,53.5,42.6
1993-04-23,53.5,63.3
1993-04-30,53.5,59.9
1993-05-07,53.0,57.0
1993-05-14,53.1,61.8
1993-05-21,53.1,51.7
1993-05-28,53.2,43.7
1993-06-04,53.1,44.8
1993-06-11,53.1,51.2
1993-06-18,53.0,58.8
1993-06-25,53.0,52.1
1993-07-02,53.0,56.0
1993-07-09,53.5,52.4
1993-07-16,53.5,57.7
1993-07-23,53.6,55.9
1993-07-30,53.6,54.9
1993-08-06,53.5,54.7
1993-08-13,53.5,52.8
1993-08-20,53.7,41.7
1993-08-27,53.8,38.6
1993-09-03,53.9,40.7
1993-09-10,54.4,40.5
1993-09-17,54.5,46.9
1993-09-24,54.5,49.9
1993-10-01,54.6,43.0
1993-10-08,55.2,45.7
1993-10-15,56.3,34.5
1993-10-22,56.5,47.3
1993-10-29,56.6,38.8
1993-11-05,56.9,56.7
1993-11-12,57.0,45.3
1993-11-19,57.1,51.8
1993-11-26,57.1,50.9
1993-12-03,57.0,47.7
1993-12-10,56.6,50.6
1993-12-17,56.6,45.7
1993-12-24,56.5,43.6
1993-12-31,56.4,47.9
1994-01-07,56.8,41.1
1994-01-14,56.7,36.0
1994-01-21,56.8,37.2
1994-01-28,56.9,33.6
1994-02-04,56.9,56.5
1994-02-11,57.6,56.8
1994-02-18,57.9,62.0
1994-02-25,58.2,64.6
1994-03-04,58.4,65.7
1994-03-11,58.3,64.6
1994-03-18,58.4,57.4
1994-03-25,58.5,70.0
1994-04-01,58.6,78.2
1994-04-08,57.3,77.5
1994-04-15,57.5,77.9
1994-04-22,57.6,77.2
1994-04-29,57.6,75.7
1994-05-06,56.0,77.2
1994-05-13,56.1,78.9
1994-05-20,56.0,73.4
1994-05-27,56.0,71.9
1994-06-03,56.1,69.5
1994-06-10,56.4,70.8
1994-06-17,56.4,71.1
1994-06-24,56.5,79.9
1994-07-01,56.4,77.8
1994-07-08,56.3,76.1
1994-07-15,56.2,73.5
1994-07-22,56.1,74.1
1994-07-29,56.1,70.0
1994-08-05,55.7,71.0
1994-08-12,55.7,66.4
1994-08-19,55.7,64.6
1994-08-26,55.7,49.1
1994-09-02,55.8,55.3
1994-09-09,57.0,60.6
1994-09-16,57.1,55.2
1994-09-23,57.4,68.9
1994-09-30,57.9,66.3
1994-10-07,58.3,72.8
1994-10-14,58.6,58.6
1994-10-21,58.7,63.9
1994-10-28,58.8,48.6
1994-11-04,59.0,66.4
1994-11-11,58.4,66.2
1994-11-18,58.8,66.8
1994-11-25,59.0,74.6
1994-12-02,60.5,73.6
1994-12-09,60.6,77.3
1994-12-16,60.7,68.3
1994-12-23,60.7,67.1
1994-12-30,60.8,67.7
1995-01-06,60.0,66.1
1995-01-13,60.0,60.0
1995-01-20,59.7,62.0
1995-01-27,59.3,52.8
1995-02-03,61.2,33.6
1995-02-10,61.5,31.9
1995-02-17,61.4,34.9
1995-02-24,63.0,27.8
1995-03-03,64.3,33.0
1995-03-10,65.8,27.9
1995-03-17,66.2,24.4
1995-03-24,66.2,21.8
1995-03-31,66.3,24.5
1995-04-07,67.3,20.3
1995-04-14,67.3,19.4
1995-04-21,67.1,21.2
1995-04-28,66.9,18.2
1995-05-05,68.4,16.3
1995-05-12,70.4,14.1
1995-05-19,71.9,23.8
1995-05-26,72.1,20.2
1995-06-02,72.2,13.8
1995-06-09,74.0,21.3
1995-06-16,74.2,11.6
1995-06-23,74.3,8.9
1995-06-30,74.3,14.2
1995-07-07,75.5,7.6
1995-07-14,75.5,7.8
1995-07-21,75.4,14.9
1995-07-28,75.4,9.1
1995-08-04,75.3,13.8
1995-08-11,76.0,19.6
1995-08-18,75.9,16.6
1995-08-25,75.8,17.2
1995-09-01,75.8,14.5
1995-09-08,75.7,10.9
1995-09-15,75.8,8.2
1995-09-22,75.8,12.2
1995-09-29,75.9,11.6
1995-10-06,76.5,15.3
1995-10-13,76.4,15.1
1995-10-20,76.4,16.0
1995-10-27,76.2,26.2
1995-11-03,75.8,16.5
1995-11-10,75.6,17.5
1995-11-17,75.6,14.8
1995-11-24,75.5,16.7
1995-12-01,76.4,14.6
1995-12-08,76.7,12.0
1995-12-15,76.7,16.0
1995-12-22,76.7,23.0
1995-12-29,76.7,20.3
1996-01-05,76.8,31.0
1996-01-12,76.7,40.3
1996-01-19,76.6,36.5
1996-01-26,76.5,31.1
1996-02-02,76.4,29.2
1996-02-09,76.3,24.7
1996-02-16,76.3,32.1
1996-02-23,76.3,26.0
1996-03-01,76.4,34.1
1996-03-08,76.8,35.4
1996-03-15,76.9,30.4
1996-03-22,77.2,30.7
1996-03-29,77.5,35.3
1996-04-05,77.8,25.8
1996-04-12,78.0,40.8
1996-04-19,78.1,31.2
1996-04-26,78.1,26.7
1996-05-03,78.0,33.1
1996-05-10,77.7,25.9
1996-05-17,77.6,21.2
1996-05-24,77.4,17.6
1996-05-31,77.4,19.5
1996-06-07,77.5,20.6
1996-06-14,77.6,26.5
1996-06-21,77.7,26.3
1996-06-28,77.8,24.5
1996-07-05,77.9,34.1
1996-07-12,77.9,43.8
1996-07-19,77.8,49.1
1996-07-26,77.6,49.7
1996-08-02,77.2,43.1
1996-08-09,76.6,42.8
1996-08-16,76.5,41.9
1996-08-23,76.4,41.0
1996-08-30,76.4,50.7
1996-09-06,76.7,49.5
1996-09-13,76.7,36.4
1996-09-20,76.8,31.6
1996-09-27,76.8,34.9
1996-10-04,76.8,34.2
1996-10-11,76.7,34.1
1996-10-18,76.5,29.0
1996-10-25,76.4,36.1
1996-11-01,76.3,34.6
1996-11-08,76.5,25.0
1996-11-15,76.5,26.9
1996-11-22,76.5,26.3
1996-11-29,76.6,27.6
1996-12-06,76.9,36.9
1996-12-13,77.2,40.9
1996-12-20,77.6,30.7
1996-12-27,78.0,24.6
1997-01-03,78.3,29.0
1997-01-10,78.5,22.4
1997-01-17,78.5,19.2
1997-01-24,78.2,26.5
1997-01-31,78.0,17.3
1997-02-07,77.7,18.6
1997-02-14,77.5,17.0
1997-02-21,77.3,21.7
1997-02-28,77.3,21.7
1997-03-07,77.5,17.6
1997-03-14,77.8,24.7
1997-03-21,78.2,30.8
1997-03-28,78.7,34.4
1997-04-04,78.9,47.5
1997-04-11,79.1,51.1
1997-04-18,79.3,46.1
1997-04-25,79.4,46.0
1997-05-02,79.4,26.9
1997-05-09,79.0,21.4
1997-05-16,79.1,21.3
1997-05-23,79.1,19.1
1997-05-30,79.1,22.3
1997-06-06,78.4,22.7
1997-06-13,77.9,20.7
1997-06-20,77.8,19.3
1997-06-27,77.7,24.2
1997-07-04,77.6,21.8
1997-07-11,76.9,22.8
1997-07-18,76.8,22.4
1997-07-25,76.3,19.4
1997-08-01,76.1,14.5
1997-08-08,76.1,21.8
1997-08-15,76.0,43.3
1997-08-22,76.1,27.4
1997-08-29,76.1,35.8
1997-09-05,76.1,21.4
1997-09-12,76.3,27.5
1997-09-19,76.4,24.8
1997-09-26,76.5,28.2
1997-10-03,76.6,23.2
1997-10-10,76.7,22.6
1997-10-17,76.9,30.0
1997-10-24,77.2,33.8
1997-10-31,77.7,58.2
1997-11-07,78.1,50.2
1997-11-14,78.3,47.7
1997-11-21,78.5,32.8
1997-11-28,78.5,38.7
1997-12-05,78.2,24.3
1997-12-12,78.0,44.6
1997-12-19,78.8,44.4
1997-12-26,79.5,46.9
1998-01-02,79.4,32.7
1998-01-09,79.5,63.8
1998-01-16,79.3,49.2
1998-01-23,79.2,52.2
1998-01-30,79.0,43.3
1998-02-06,78.8,38.1
1998-02-13,78.8,39.6
1998-02-20,78.6,35.1
1998-02-27,78.5,33.1
1998-03-06,78.6,31.6
1998-03-13,78.7,33.3
1998-03-20,78.8,30.3
1998-03-27,78.9,31.3
1998-04-03,78.9,31.0
1998-04-10,79.0,29.7
1998-04-17,79.0,26.3
1998-04-24,79.0,32.6
1998-05-01,79.1,25.2
1998-05-08,79.1,28.5
1998-05-15,79.2,27.8
1998-05-22,79.3,30.0
1998-05-29,79.3,38.1
1998-06-05,79.3,29.9
1998-06-12,79.4,37.6
1998-06-19,79.8,37.4
1998-06-26,79.8,30.3
1998-07-03,79.8,26.3
1998-07-10,79.8,25.5
1998-07-17,79.9,23.5
1998-07-24,80.0,42.8
1998-07-31,80.2,53.7
1998-08-07,80.8,66.5
1998-08-14,81.2,71.4
1998-08-21,81.5,72.6
1998-08-28,84.1,86.7
1998-09-04,84.9,90.7
1998-09-11,85.5,91.2
1998-09-18,86.1,91.8
1998-09-25,86.6,90.5
1998-10-02,86.8,94.3
1998-10-09,86.8,95.4
1998-10-16,86.9,90.4
1998-10-23,86.9,88.5
1998-10-30,86.7,84.8
1998-11-06,86.6,72.4
1998-11-13,86.4,79.2
1998-11-20,86.2,64.5
1998-11-27,86.0,55.5
1998-12-04,85.8,62.1
1998-12-11,85.9,65.2
1998-12-18,85.7,58.2
1998-12-25,85.5,46.7
1999-01-01,85.4,47.6
1999-01-08,85.3,30.0
1999-01-15,85.2,44.6
1999-01-22,85.0,48.0
1999-01-29,84.8,33.8
1999-02-05,84.5,43.3
1999-02-12,84.4,44.4
1999-02-19,84.2,43.6
1999-02-26,84.1,43.0
1999-03-05,84.0,28.5
1999-03-12,83.9,28.0
1999-03-19,83.8,29.7
1999-03-26,83.8,38.5
1999-04-02,83.7,33.9
1999-04-09,83.7,27.6
1999-04-16,83.7,31.9
1999-04-23,83.6,23.7
1999-04-30,83.6,29.1
1999-05-07,83.6,26.9
1999-05-14,83.7,31.2
1999-05-21,83.7,40.7
1999-05-28,83.8,51.4
1999-06-04,83.9,39.1
1999-06-11,84.0,48.6
1999-06-18,84.1,36.2
1999-06-25,84.2,47.2
1999-07-02,84.3,28.0
1999-07-09,84.5,25.7
1999-07-16,84.8,30.1
1999-07-23,85.1,51.3
1999-07-30,85.3,65.0
1999-08-06,85.5,73.2
1999-08-13,85.7,74.2
1999-08-20,85.8,67.4
1999-08-27,85.9,68.0
1999-09-03,86.0,69.0
1999-09-10,86.0,72.2
1999-09-17,86.1,75.3
1999-09-24,86.1,86.0
1999-10-01,86.2,81.0
1999-10-08,86.2,75.6
1999-10-15,86.2,85.0
1999-10-22,86.1,77.9
1999-10-29,85.9,68.7
1999-11-05,85.6,66.3
1999-11-12,85.5,48.3
1999-11-19,85.2,36.5
1999-11-26,85.2,37.4
1999-12-03,85.1,33.3
1999-12-10,85.5,37.8
1999-12-17,85.5,36.6
1999-12-24,85.5,28.1
1999-12-31,85.4,22.8
2000-01-07,85.3,30.7
2000-01-14,85.2,25.2
2000-01-21,85.1,29.6
2000-01-28,85.0,48.4
2000-02-04,85.0,35.0
2000-02-11,84.9,50.0
2000-02-18,85.0,60.5
2000-02-25,85.1,70.6
2000-03-03,85.3,59.5
2000-03-10,85.4,71.6
2000-03-17,85.7,54.4
2000-03-24,85.0,44.8
2000-03-31,85.2,59.4
2000-04-07,85.5,56.6
2000-04-14,85.6,90.3
2000-04-21,85.6,80.9
2000-04-28,85.7,75.9
2000-05-05,85.8,80.7
2000-05-12,85.9,84.1
2000-05-19,86.0,86.1
2000-05-26,86.1,88.1
2000-06-02,86.1,70.2
2000-06-09,85.8,73.1
2000-06-16,85.7,71.0
2000-06-23,85.6,76.3
2000-06-30,85.5,72.5
2000-07-07,85.5,60.4
2000-07-14,87.7,43.8
2000-07-21,87.4,56.0
2000-07-28,87.1,69.7
2000-08-04,87.0,67.0
2000-08-11,88.5,64.8
2000-08-18,88.2,58.6
2000-08-25,88.0,58.4
2000-09-01,87.9,58.9
2000-09-08,87.9,69.3
2000-09-15,88.0,78.4
2000-09-22,88.0,80.6
2000-09-29,88.1,80.9
2000-10-06,87.7,84.5
2000-10-13,87.8,90.3
2000-10-20,88.0,88.5
2000-10-27,88.1,88.6
2000-11-03,88.2,82.3
2000-11-10,88.2,82.9
2000-11-17,88.3,85.6
2000-11-24,88.6,88.0
2000-12-01,88.8,89.7
2000-12-08,88.9,88.1
2000-12-15,89.0,90.7
2000-12-22,88.9,94.1
2000-12-29,88.6,93.5
2001-01-05,88.1,95.7
2001-01-12,87.6,89.6
2001-01-19,87.0,83.1
2001-01-26,86.6,81.0
2001-02-02,86.3,83.7
2001-02-09,86.1,92.1
2001-02-16,85.9,92.6
2001-02-23,85.9,93.7
2001-03-02,86.0,94.4
2001-03-09,85.9,90.5
2001-03-16,86.0,96.3
2001-03-23,86.1,94.1
2001-03-30,86.0,94.6
2001-04-06,85.2,91.2
2001-04-13,85.0,90.3
2001-04-20,84.7,91.6
2001-04-27,84.5,88.6
2001-05-04,84.3,87.3
2001-05-11,84.1,79.2
2001-05-18,83.9,74.2
2001-05-25,83.8,74.0
2001-06-01,83.7,74.8
2001-06-08,84.2,75.9
2001-06-15,84.1,75.7
2001-06-22,84.0,75.8
2001-06-29,84.0,73.6
2001-07-06,83.7,75.8
2001-07-13,83.6,77.4
2001-07-20,83.4,80.8
2001-07-27,83.3,85.5
2001-08-03,83.2,83.5
2001-08-10,82.7,92.5
2001-08-17,82.9,96.1
2001-08-24,83.3,93.6
2001-08-31,83.5,94.6
2001-09-07,83.7,96.6
2001-09-14,83.9,98.7
2001-09-21,84.1,99.7
2001-09-28,84.1,99.1
2001-10-05,83.5,98.4
2001-10-12,83.4,97.7
2001-10-19,83.3,97.5
2001-10-26,83.2,97.1
2001-11-02,83.1,97.5
2001-11-09,83.3,94.8
2001-11-16,83.3,89.1
2001-11-23,83.4,83.4
2001-11-30,83.5,88.6
2001-12-07,83.8,83.5
2001-12-14,83.8,75.0
2001-12-21,83.8,68.9
2001-12-28,83.7,67.6
2002-01-04,83.5,65.9
2002-01-11,83.2,69.4
2002-01-18,83.0,71.0
2002-01-25,82.8,70.1
2002-02-01,82.5,71.4
2002-02-08,82.4,75.3
2002-02-15,82.3,74.7
2002-02-22,82.2,79.1
2002-03-01,82.3,77.3
2002-03-08,82.1,65.2
2002-03-15,82.0,68.1
2002-03-22,81.9,70.3
2002-03-29,81.8,75.9
2002-04-05,81.8,80.1
2002-04-12,81.7,81.4
2002-04-19,81.4,76.7
2002-04-26,81.1,83.2
2002-05-03,80.9,84.3
2002-05-10,80.4,80.2
2002-05-17,80.3,77.9
2002-05-24,80.2,80.8
2002-05-31,80.4,82.8
2002-06-07,80.3,90.8
2002-06-14,80.4,92.4
2002-06-21,80.7,94.0
2002-06-28,81.1,95.1
2002-07-05,80.7,94.4
2002-07-12,78.2,96.8
2002-07-19,78.5,98.1
2002-07-26,76.3,98.4
2002-08-02,76.4,98.0
2002-08-09,75.2,97.2
2002-08-16,74.9,96.0
2002-08-23,75.0,94.6
2002-08-30,75.1,95.3
2002-09-06,75.0,97.3
2002-09-13,73.0,97.0
2002-09-20,72.6,98.5
2002-09-27,71.4,98.8
2002-10-04,71.0,99.0
2002-10-11,66.8,98.7
2002-10-18,66.5,97.0
2002-10-25,65.2,96.2
2002-11-01,65.0,95.6
2002-11-08,63.8,94.2
2002-11-15,63.6,91.4
2002-11-22,63.5,88.9
2002-11-29,63.5,86.1
2002-12-06,65.9,82.5
2002-12-13,65.9,84.4
2002-12-20,65.8,80.3
2002-12-27,65.7,80.0
2003-01-03,65.5,74.4
2003-01-10,64.8,70.4
2003-01-17,64.6,72.9
2003-01-24,64.4,76.1
2003-01-31,64.4,74.0
2003-02-07,64.2,74.8
2003-02-14,64.2,75.2
2003-02-21,64.1,76.2
2003-02-28,64.1,78.2
2003-03-07,60.5,81.4
2003-03-14,59.0,79.4
2003-03-21,57.2,69.5
2003-03-28,57.0,72.2
2003-04-04,56.8,70.3
2003-04-11,56.7,71.0
2003-04-18,56.3,66.7
2003-04-25,56.0,64.4
2003-05-02,55.7,60.6
2003-05-09,58.1,62.8
2003-05-16,58.0,61.6
2003-05-23,58.0,61.1
2003-05-30,58.1,53.6
2003-06-06,59.8,37.3
2003-06-13,59.8,38.9
2003-06-20,59.8,36.8
2003-06-27,59.7,42.1
2003-07-04,59.6,36.7
2003-07-11,60.3,34.2
2003-07-18,60.4,35.8
2003-07-25,60.5,34.5
2003-08-01,60.8,44.5
2003-08-08,61.2,48.1
2003-08-15,61.3,38.3
2003-08-22,61.4,36.8
2003-08-29,61.5,30.6
2003-09-05,61.4,30.7
2003-09-12,61.3,33.2
2003-09-19,61.2,27.5
2003-09-26,61.2,45.7
2003-10-03,61.1,34.7
2003-10-10,61.2,30.6
2003-10-17,61.0,32.5
2003-10-24,60.8,39.1
2003-10-31,60.7,29.8
2003-11-07,60.9,27.7
2003-11-14,60.9,33.5
2003-11-21,60.9,42.8
2003-11-28,61.0,33.9
2003-12-05,61.2,36.2
2003-12-12,61.1,33.2
2003-12-19,61.0,29.9
2003-12-26,60.8,30.6
2004-01-02,60.6,27.7
2004-01-09,60.5,29.2
2004-01-16,60.4,27.1
2004-01-23,60.3,30.1
2004-01-30,60.2,31.6
2004-02-06,60.4,28.6
2004-02-13,60.4,31.7
2004-02-20,60.3,31.3
2004-02-27,60.3,33.2
2004-03-05,60.3,34.6
2004-03-12,60.3,49.3
2004-03-19,60.4,53.4
2004-03-26,60.4,55.7
2004-04-02,60.5,37.9
2004-04-09,60.3,40.3
2004-04-16,59.9,38.9
2004-04-23,58.3,36.6
2004-04-30,58.6,51.4
2004-05-07,58.9,51.2
2004-05-14,59.4,53.4
2004-05-21,59.8,54.0
2004-05-28,60.0,47.9
2004-06-04,60.2,47.7
2004-06-11,59.8,40.0
2004-06-18,59.9,41.2
2004-06-25,59.9,43.2
2004-07-02,59.9,51.6
2004-07-09,60.0,59.7
2004-07-16,60.0,65.0
2004-07-23,59.9,66.2
2004-07-30,59.9,63.8
2004-08-06,59.5,73.8
2004-08-13,59.4,73.9
2004-08-20,59.4,69.0
2004-08-27,59.4,66.9
2004-09-03,59.4,64.3
2004-09-10,59.0,63.7
2004-09-17,59.0,61.3
2004-09-24,59.1,63.5
2004-10-01,59.1,54.7
2004-10-08,59.4,56.8
2004-10-15,59.4,60.9
2004-10-22,60.0,63.8
2004-10-29,61.1,56.5
2004-11-05,60.7,37.9
2004-11-12,60.5,35.4
2004-11-19,61.6,39.3
2004-11-26,61.6,34.2
2004-12-03,61.7,32.2
2004-12-10,62.6,34.4
2004-12-17,62.8,33.4
2004-12-24,63.0,29.4
2004-12-31,63.2,28.1
2005-01-07,63.6,37.0
2005-01-14,63.7,35.7
2005-01-21,63.5,41.8
2005-01-28,63.4,40.3
2005-02-04,63.4,27.1
2005-02-11,64.0,25.6
2005-02-18,64.0,26.8
2005-02-25,64.2,24.7
2005-03-04,64.5,21.6
2005-03-11,65.1,26.9
2005-03-18,65.4,35.7
2005-03-25,65.7,40.8
2005-04-01,65.9,43.8
2005-04-08,65.8,42.9
2005-04-15,66.1,59.3
2005-04-22,68.1,55.8
2005-04-29,68.2,58.1
2005-05-06,67.7,60.3
2005-05-13,67.7,66.5
2005-05-20,67.8,60.0
2005-05-27,68.2,58.3
2005-06-03,68.4,58.0
2005-06-10,68.5,58.9
2005-06-17,68.5,51.6
2005-06-24,68.9,61.9
2005-07-01,70.6,58.4
2005-07-08,71.1,52.7
2005-07-15,71.1,41.1
2005-07-22,71.0,41.2
2005-07-29,71.0,37.3
2005-08-05,71.1,38.9
2005-08-12,71.2,38.5
2005-08-19,71.3,43.0
2005-08-26,71.6,45.2
2005-09-02,71.9,53.2
2005-09-09,72.0,43.0
2005-09-16,72.1,45.7
2005-09-23,72.1,50.9
2005-09-30,72.2,47.8
2005-10-07,71.8,58.2
2005-10-14,71.7,63.6
2005-10-21,71.7,64.3
2005-10-28,71.6,62.3
2005-11-04,71.5,56.7
2005-11-11,70.7,51.5
2005-11-18,70.9,47.8
2005-11-25,71.0,46.6
2005-12-02,71.3,45.1
2005-12-09,72.3,46.0
2005-12-16,72.4,42.3
2005-12-23,72.8,40.8
2005-12-30,73.1,48.5
2006-01-06,75.7,39.8
2006-01-13,75.8,38.7
2006-01-20,75.9,47.1
2006-01-27,75.7,39.1
2006-02-03,75.5,42.4
2006-02-10,75.5,41.5
2006-02-17,75.3,34.0
2006-02-24,75.3,28.7
2006-03-03,75.6,32.0
2006-03-10,75.3,34.7
2006-03-17,75.3,30.0
2006-03-24,75.3,33.2
2006-03-31,75.4,36.8
2006-04-07,75.5,37.5
2006-04-14,75.5,39.9
2006-04-21,75.6,33.7
2006-04-28,75.6,33.6
2006-05-05,75.5,29.3
2006-05-12,75.7,43.8
2006-05-19,75.9,51.3
2006-05-26,76.1,52.5
2006-06-02,76.4,49.6
2006-06-09,75.9,56.1
2006-06-16,76.1,55.6
2006-06-23,76.2,58.2
2006-06-30,76.3,52.9
2006-07-07,75.4,52.6
2006-07-14,75.3,59.6
2006-07-21,75.2,58.8
2006-07-28,74.9,52.7
2006-08-04,76.6,56.6
2006-08-11,76.3,60.1
2006-08-18,76.2,50.8
2006-08-25,76.1,54.4
2006-09-01,76.1,48.8
2006-09-08,76.4,53.0
2006-09-15,76.4,43.5
2006-09-22,76.5,47.0
2006-09-29,76.5,42.9
2006-10-06,78.2,41.8
2006-10-13,78.1,37.2
2006-10-20,78.0,34.9
2006-10-27,77.8,33.2
2006-11-03,77.8,34.2
2006-11-10,79.0,29.0
2006-11-17,79.0,25.3
2006-11-24,79.2,26.0
2006-12-01,79.4,30.0
2006-12-08,79.7,27.2
2006-12-15,79.7,27.9
2006-12-22,79.6,32.1
2006-12-29,79.3,28.2
2007-01-05,79.2,28.5
2007-01-12,79.0,24.1
2007-01-19,78.8,24.0
2007-01-26,78.6,28.8
2007-02-02,78.5,24.0
2007-02-09,78.5,27.9
2007-02-16,78.6,24.6
2007-02-23,78.9,25.6
2007-03-02,79.3,52.3
2007-03-09,79.6,47.7
2007-03-16,80.0,56.4
2007-03-23,80.1,44.2
2007-03-30,80.3,50.6
2007-04-06,79.3,42.9
2007-04-13,79.5,40.5
2007-04-20,79.5,35.2
2007-04-27,79.6,35.5
2007-05-04,79.8,31.9
2007-05-11,80.7,35.3
2007-05-18,80.9,31.1
2007-05-25,81.0,32.3
2007-06-01,81.1,23.7
2007-06-08,81.5,35.6
2007-06-15,81.5,26.1
2007-06-22,81.6,34.5
2007-06-29,81.8,34.8
2007-07-06,82.0,28.1
2007-07-13,82.7,25.0
2007-07-20,83.4,32.8
2007-07-27,84.2,67.5
2007-08-03,85.4,70.9
2007-08-10,86.7,69.2
2007-08-17,87.5,75.5
2007-08-24,88.1,69.3
2007-08-31,88.4,71.6
2007-09-07,87.3,75.4
2007-09-14,87.1,71.4
2007-09-21,86.8,59.2
2007-09-28,86.4,58.8
2007-10-05,86.5,49.2
2007-10-12,86.2,47.7
2007-10-19,86.2,67.6
2007-10-26,86.3,55.0
2007-11-02,87.0,65.0
2007-11-09,88.1,76.9
2007-11-16,88.8,76.0
2007-11-23,89.3,80.1
2007-11-30,89.7,78.3
2007-12-07,88.1,76.2
2007-12-14,88.2,80.7
2007-12-21,88.2,78.5
2007-12-28,88.0,79.6
2008-01-04,87.8,86.0
2008-01-11,87.9,88.4
2008-01-18,87.7,93.8
2008-01-25,87.8,93.9
2008-02-01,87.9,90.1
2008-02-08,86.4,94.3
2008-02-15,86.7,93.0
2008-02-22,87.0,92.4
2008-02-29,78.2,94.0
2008-03-07,77.9,96.2
2008-03-14,78.0,96.3
2008-03-21,78.0,94.1
2008-03-28,78.0,95.1
2008-04-04,78.0,90.8
2008-04-11,76.8,92.7
2008-04-18,76.7,87.4
2008-04-25,71.8,83.3
2008-05-02,71.6,75.2
2008-05-09,72.2,76.7
2008-05-16,72.1,71.5
2008-05-23,72.1,77.5
2008-05-30,70.1,68.8
2008-06-06,70.5,69.0
2008-06-13,70.7,66.7
2008-06-20,70.8,70.9
2008-06-27,69.7,73.4
2008-07-04,69.7,75.4
2008-07-11,68.3,78.1
2008-07-18,68.3,81.3
2008-07-25,66.8,86.4
2008-08-01,66.7,91.4
2008-08-08,63.8,87.6
2008-08-15,63.8,88.2
2008-08-22,63.9,88.4
2008-08-29,63.5,89.4
2008-09-05,64.5,93.2
2008-09-12,64.8,94.5
2008-09-19,65.1,95.3
2008-09-26,67.4,97.2
2008-10-03,67.7,99.6
2008-10-10,65.5,100.0
2008-10-17,65.6,100.0
2008-10-24,65.1,100.0
2008-10-31,66.5,99.8
2008-11-07,58.1,99.8
2008-11-14,58.1,99.9
2008-11-21,58.1,100.0
2008-11-28,53.7,99.9
2008-12-05,51.3,99.8
2008-12-12,51.3,99.7
2008-12-19,51.1,99.5
2008-12-26,49.5,99.5
2009-01-02,49.4,99.2
2009-01-09,49.5,99.2
2009-01-16,49.3,98.3
2009-01-23,49.2,90.0
2009-01-30,49.1,81.3
2009-02-06,48.6,77.2
2009-02-13,47.0,82.2
2009-02-20,47.0,77.5
2009-02-27,46.6,76.6
2009-03-06,44.0,76.6
2009-03-13,42.4,77.6
2009-03-20,42.1,82.7
2009-03-27,41.9,81.7
2009-04-03,41.7,86.1
2009-04-10,39.2,83.8
2009-04-17,39.1,79.3
2009-04-24,39.0,77.0
2009-05-01,39.3,76.9
2009-05-08,42.5,77.2
2009-05-15,42.4,76.4
2009-05-22,42.2,74.8
2009-05-29,43.0,73.3
2009-06-05,45.2,71.6
2009-06-12,45.2,70.7
2009-06-19,45.1,71.2
2009-06-26,45.2,70.6
2009-07-03,45.1,71.9
2009-07-10,45.8,72.7
2009-07-17,45.6,67.2
2009-07-24,43.2,63.1
2009-07-31,42.6,61.2
2009-08-07,43.0,57.1
2009-08-14,42.3,59.3
2009-08-21,40.7,55.5
2009-08-28,41.5,53.3
2009-09-04,41.2,56.0
2009-09-11,44.3,47.9
2009-09-18,44.1,37.8
2009-09-25,44.8,42.6
2009-10-02,44.7,33.8
2009-10-09,46.6,18.2
2009-10-16,46.5,18.2
2009-10-23,46.4,18.2
2009-10-30,46.5,28.9
2009-11-06,47.3,28.2
2009-11-13,47.2,24.7
2009-11-20,47.1,23.5
2009-11-27,51.4,28.2
2009-12-04,51.3,24.6
2009-12-11,51.9,24.3
2009-12-18,51.7,24.4
2009-12-25,53.9,21.5
2010-01-01,53.6,22.0
2010-01-08,54.2,18.0
2010-01-15,54.2,19.9
2010-01-22,54.2,31.8
2010-01-29,61.3,38.5
2010-02-05,61.8,40.9
2010-02-12,61.8,41.1
2010-02-19,61.6,32.1
2010-02-26,63.8,33.5
2010-03-05,62.4,25.5
2010-03-12,62.1,23.6
2010-03-19,61.4,24.2
2010-03-26,61.7,26.7
2010-04-02,61.5,26.0
2010-04-09,63.4,26.0
2010-04-16,63.5,29.1
2010-04-23,63.7,22.7
2010-04-30,65.4,29.6
2010-05-07,67.4,64.2
2010-05-14,68.0,54.0
2010-05-21,68.6,76.1
2010-05-28,70.4,80.2
2010-06-04,70.5,82.8
2010-06-11,68.1,82.3
2010-06-18,68.0,74.5
2010-06-25,62.0,83.8
2010-07-02,60.7,91.1
2010-07-09,58.9,83.6
2010-07-16,58.5,84.2
2010-07-23,57.5,72.0
2010-07-30,55.6,74.8
2010-08-06,55.3,69.8
2010-08-13,55.2,81.2
2010-08-20,55.2,80.1
2010-08-27,53.3,81.1
2010-09-03,53.2,68.1
2010-09-10,53.3,66.0
2010-09-17,53.2,64.2
2010-09-24,53.1,53.6
2010-10-01,51.4,56.0
2010-10-08,52.4,55.7
2010-10-15,52.2,54.1
2010-10-22,52.1,52.5
2010-10-29,51.9,52.6
2010-11-05,53.8,38.6
2010-11-12,53.7,43.6
2010-11-19,53.7,43.4
2010-11-26,54.1,52.0
2010-12-03,54.1,34.9
2010-12-10,54.8,28.0
2010-12-17,54.6,25.9
2010-12-24,54.4,24.3
2010-12-31,58.8,24.2
2011-01-07,59.8,23.4
2011-01-14,59.6,21.0
2011-01-21,59.3,22.5
2011-01-28,57.0,25.5
2011-02-04,56.9,19.2
2011-02-11,57.6,18.2
2011-02-18,57.7,18.2
2011-02-25,59.9,21.5
2011-03-04,60.1,22.5
2011-03-11,60.9,28.3
2011-03-18,61.0,37.4
2011-03-25,64.8,29.5
2011-04-01,64.7,27.0
2011-04-08,63.7,26.9
2011-04-15,63.5,29.1
2011-04-22,63.4,27.9
2011-04-29,61.5,25.5
2011-05-06,61.8,34.4
2011-05-13,61.9,36.7
2011-05-20,62.1,37.6
2011-05-27,59.7,39.4
2011-06-03,59.9,55.0
2011-06-10,59.9,61.7
2011-06-17,60.1,66.1
2011-06-24,60.1,65.3
2011-07-01,64.7,41.3
2011-07-08,63.5,49.1
2011-07-15,63.8,56.7
2011-07-22,64.2,50.2
2011-07-29,64.0,63.3
2011-08-05,65.3,81.2
2011-08-12,66.7,90.6
2011-08-19,67.9,90.2
2011-08-26,67.4,86.9
2011-09-02,68.5,86.3
2011-09-09,64.0,89.6
2011-09-16,64.1,82.9
2011-09-23,64.4,90.0
2011-09-30,57.1,90.6
2011-10-07,56.2,87.7
2011-10-14,56.1,79.7
2011-10-21,55.9,78.7
2011-10-28,52.0,67.6
2011-11-04,52.0,76.5
2011-11-11,53.1,65.9
2011-11-18,53.2,78.5
2011-11-25,53.4,80.1
2011-12-02,53.4,69.8
2011-12-09,53.7,70.1
2011-12-16,53.5,74.4
2011-12-23,53.4,65.6
2011-12-30,52.8,67.0
2012-01-06,52.9,62.4
2012-01-13,52.5,56.9
2012-01-20,52.0,44.7
2012-01-27,51.3,47.2
2012-02-03,51.1,42.2
2012-02-10,52.4,41.0
2012-02-17,52.2,34.9
2012-02-24,52.1,32.8
2012-03-02,51.9,30.7
2012-03-09,52.8,30.6
2012-03-16,52.8,26.2
2012-03-23,52.8,26.8
2012-03-30,52.8,27.1
2012-04-06,53.3,31.0
2012-04-13,53.5,44.9
2012-04-20,53.6,43.8
2012-04-27,53.9,32.4
2012-05-04,54.1,47.4
2012-05-11,53.7,52.5
2012-05-18,54.2,65.7
2012-05-25,54.4,65.6
2012-06-01,55.9,75.7
2012-06-08,54.2,66.0
2012-06-15,54.1,60.7
2012-06-22,54.0,65.1
2012-06-29,52.5,57.4
2012-07-06,51.6,58.9
2012-07-13,51.4,58.3
2012-07-20,51.3,49.4
2012-07-27,53.0,44.4
2012-08-03,52.9,43.3
2012-08-10,53.6,39.1
2012-08-17,53.4,36.4
2012-08-24,53.2,34.8
2012-08-31,52.4,35.8
2012-09-07,53.1,31.0
2012-09-14,52.8,28.6
2012-09-21,52.7,29.4
2012-09-28,54.8,33.5
2012-10-05,55.4,28.8
2012-10-12,55.3,34.6
2012-10-19,55.3,33.2
2012-10-26,58.8,45.3
2012-11-02,58.8,45.4
2012-11-09,58.4,59.9
2012-11-16,58.4,64.6
2012-11-23,58.3,51.7
2012-11-30,55.3,52.3
2012-12-07,53.6,52.5
2012-12-14,53.5,52.1
2012-12-21,53.3,46.7
2012-12-28,57.2,54.8
2013-01-04,57.0,31.3
2013-01-11,41.4,32.9
2013-01-18,41.1,35.6
2013-01-25,42.2,36.5
2013-02-01,42.2,35.3
2013-02-08,43.1,35.9
2013-02-15,43.0,32.9
2013-02-22,43.0,34.6
2013-03-01,46.3,35.3
2013-03-08,46.4,29.8
2013-03-15,46.4,30.6
2013-03-22,46.3,33.7
2013-03-29,43.8,34.7
2013-04-05,44.0,34.5
2013-04-12,43.9,32.0
2013-04-19,43.8,44.6
2013-04-26,44.4,33.3
2013-05-03,44.1,30.0
2013-05-10,45.4,28.6
2013-05-17,45.5,26.9
2013-05-24,45.9,27.3
2013-05-31,46.1,31.7
2013-06-07,48.5,34.0
2013-06-14,48.8,38.3
2013-06-21,49.1,42.7
2013-06-28,52.0,39.1
2013-07-05,54.6,35.0
2013-07-12,54.4,28.6
2013-07-19,54.3,27.5
2013-07-26,54.0,26.5
2013-08-02,53.9,25.5
2013-08-09,52.9,30.5
2013-08-16,52.9,36.3
2013-08-23,53.0,36.0
2013-08-30,55.0,37.9
2013-09-06,57.8,42.3
2013-09-13,57.8,37.6
2013-09-20,57.7,29.8
2013-09-27,56.7,35.6
2013-10-04,56.5,46.4
2013-10-11,53.6,34.9
2013-10-18,53.2,30.3
2013-10-25,51.8,31.6
2013-11-01,51.7,37.9
2013-11-08,53.1,38.8
2013-11-15,53.1,38.8
2013-11-22,53.0,37.5
2013-11-29,54.4,37.3
2013-12-06,56.3,39.9
2013-12-13,56.3,45.5
2013-12-20,56.3,30.3
2013-12-27,55.9,30.5
2014-01-03,55.9,36.4
2014-01-10,56.3,31.6
2014-01-17,56.4,33.4
2014-01-24,56.4,42.2
2014-01-31,57.9,48.3
2014-02-07,56.4,43.2
2014-02-14,55.9,35.5
2014-02-21,55.8,34.6
2014-02-28,51.5,31.8
2014-03-07,51.0,31.8
2014-03-14,51.0,41.2
2014-03-21,51.0,37.0
2014-03-28,52.5,40.5
2014-04-04,52.5,41.0
2014-04-11,53.5,53.6
2014-04-18,53.5,40.2
2014-04-25,49.1,39.9
2014-05-02,49.1,36.3
2014-05-09,47.9,38.6
2014-05-16,47.8,40.2
2014-05-23,47.6,37.5
2014-05-30,45.9,36.0
2014-06-06,45.8,33.9
2014-06-13,45.7,34.1
2014-06-20,45.1,33.2
2014-06-27,46.2,35.9
2014-07-04,46.4,35.5
2014-07-11,47.5,39.9
2014-07-18,47.6,42.2
2014-07-25,50.4,42.9
2014-08-01,50.6,53.2
2014-08-08,49.6,52.1
2014-08-15,49.6,50.0
2014-08-22,49.6,44.8
2014-08-29,47.8,43.2
2014-09-05,48.4,44.6
2014-09-12,48.8,49.3
2014-09-19,49.2,46.3
2014-09-26,49.4,51.1
2014-10-03,49.7,59.4
2014-10-10,52.3,71.5
2014-10-17,52.4,72.8
2014-10-24,52.3,61.1
2014-10-31,50.2,53.0
2014-11-07,47.7,52.7
2014-11-14,47.5,53.3
2014-11-21,47.5,51.6
2014-11-28,43.4,53.2
2014-12-05,46.8,52.5
2014-12-12,47.1,66.4
2014-12-19,47.6,54.7
2014-12-26,47.0,52.5
2015-01-02,47.3,57.0
2015-01-09,47.7,59.6
2015-01-16,48.1,64.3
2015-01-23,48.2,60.1
2015-01-30,47.8,66.1
2015-02-06,44.5,56.8
2015-02-13,44.5,51.2
2015-02-20,44.4,47.0
2015-02-27,44.0,49.5
2015-03-06,46.4,55.2
2015-03-13,46.3,57.6
2015-03-20,46.3,46.4
2015-03-27,46.3,56.4
2015-04-03,46.2,53.3
2015-04-10,43.3,46.5
2015-04-17,43.3,48.2
2015-04-24,43.2,48.3
2015-05-01,43.9,51.0
2015-05-08,46.6,55.8
2015-05-15,46.7,55.1
2015-05-22,46.7,55.9
2015-05-29,51.1,59.8
2015-06-05,53.5,63.3
2015-06-12,53.5,63.4
2015-06-19,53.6,63.8
2015-06-26,52.6,66.5
2015-07-03,52.6,71.7
2015-07-10,51.9,72.4
2015-07-17,52.0,67.7
2015-07-24,52.1,73.6
2015-07-31,49.7,72.0
2015-08-07,50.3,72.9
2015-08-14,50.6,71.5
2015-08-21,50.8,83.7
2015-08-28,50.3,83.2
2015-09-04,50.4,86.0
2015-09-11,49.7,84.1
2015-09-18,49.7,83.9
2015-09-25,49.0,87.4
2015-10-02,49.0,87.4
2015-10-09,45.9,80.8
2015-10-16,45.8,81.1
2015-10-23,45.6,75.5
2015-10-30,45.1,75.5
2015-11-06,48.3,73.3
2015-11-13,48.3,81.7
2015-11-20,48.4,72.4
2015-11-27,49.5,70.7
2015-12-04,49.7,69.6
2015-12-11,50.9,80.7
2015-12-18,51.1,80.1
2015-12-25,51.2,72.8
2016-01-01,51.3,74.0
2016-01-08,51.3,81.2
2016-01-15,51.3,84.6
2016-01-22,51.4,84.3
2016-01-29,51.2,84.3
2016-02-05,46.4,86.5
2016-02-12,47.5,88.8
2016-02-19,47.4,86.3
2016-02-26,47.1,84.2
2016-03-04,47.0,77.4
2016-03-11,45.1,71.6
2016-03-18,44.9,65.5
2016-03-25,43.8,62.6
2016-04-01,43.7,60.6
2016-04-08,44.0,62.5
2016-04-15,44.0,52.1
2016-04-22,43.9,42.6
2016-04-29,43.9,41.7
2016-05-06,45.3,49.0
2016-05-13,45.3,52.1
2016-05-20,45.4,44.0
2016-05-27,44.1,38.2
2016-06-03,44.2,37.1
2016-06-10,44.6,37.5
2016-06-17,45.7,44.9
2016-06-24,45.8,57.5
2016-07-01,46.4,39.6
2016-07-08,44.6,34.4
2016-07-15,44.5,27.8
2016-07-22,44.5,24.2
2016-07-29,43.7,26.7
2016-08-05,46.4,29.6
2016-08-12,46.4,25.8
2016-08-19,46.4,26.5
2016-08-26,48.9,30.8
2016-09-02,49.0,32.3
2016-09-09,50.7,47.0
2016-09-16,50.7,41.5
2016-09-23,50.8,32.4
2016-09-30,51.3,33.3
2016-10-07,49.9,41.8
2016-10-14,49.8,58.3
2016-10-21,49.7,48.8
2016-10-28,51.6,57.1
2016-11-04,51.4,69.9
2016-11-11,50.7,46.6
2016-11-18,50.6,41.9
2016-11-25,48.9,39.2
2016-12-02,48.8,43.6
2016-12-09,53.4,35.3
2016-12-16,53.4,36.4
2016-12-23,53.3,32.8
2016-12-30,54.2,40.1
2017-01-06,55.6,30.1
2017-01-13,55.6,34.1
2017-01-20,55.5,33.9
2017-01-27,55.5,37.0
2017-02-03,55.5,30.7
2017-02-10,55.8,30.3
2017-02-17,55.8,30.0
2017-02-24,55.9,28.7
2017-03-03,59.2,28.9
2017-03-10,60.1,37.8
2017-03-17,60.1,39.0
2017-03-24,60.1,47.8
2017-03-31,63.2,48.7
2017-04-07,62.6,47.8
2017-04-14,62.5,59.1
2017-04-21,62.4,58.2
2017-04-28,62.0,43.8
2017-05-05,62.8,40.3
2017-05-12,62.7,42.6
2017-05-19,62.6,52.4
2017-05-26,62.3,43.8
2017-06-02,62.1,44.1
2017-06-09,61.8,45.1
2017-06-16,61.7,41.5
2017-06-23,61.7,40.4
2017-06-30,61.6,40.7
2017-07-07,62.1,39.3
2017-07-14,62.1,35.7
2017-07-21,62.3,34.4
2017-07-28,62.7,36.3
2017-08-04,62.7,37.0
2017-08-11,62.6,53.5
2017-08-18,62.7,51.5
2017-08-25,60.8,42.6
2017-09-01,60.8,39.6
2017-09-08,60.0,43.3
2017-09-15,60.0,38.8
2017-09-22,59.9,38.0
2017-09-29,60.5,34.0
2017-10-06,61.4,36.8
2017-10-13,61.3,34.2
2017-10-20,61.2,39.0
2017-10-27,57.9,37.1
2017-11-03,57.8,36.0
2017-11-10,58.1,37.7
2017-11-17,58.1,33.7
2017-11-24,58.0,29.9
2017-12-01,60.6,31.2
2017-12-08,60.9,27.1
2017-12-15,60.9,26.9
2017-12-22,60.8,30.8
2017-12-29,60.9,33.8
2018-01-05,60.9,29.3
2018-01-12,60.9,31.5
2018-01-19,61.0,33.5
2018-01-26,64.5,27.8
2018-02-02,64.8,48.0
2018-02-09,65.7,60.1
2018-02-16,66.0,50.4
2018-02-23,66.3,49.9
2018-03-02,65.6,57.3
2018-03-09,65.4,44.8
2018-03-16,65.5,51.2
2018-03-23,65.6,70.0
2018-03-30,61.3,66.4
2018-04-06,61.2,68.9
2018-04-13,61.1,62.1
2018-04-20,61.0,61.8
2018-04-27,59.6,59.6
2018-05-04,59.4,61.8
2018-05-11,59.0,52.5
2018-05-18,58.9,55.7
2018-05-25,58.6,57.0
2018-06-01,59.0,56.1
2018-06-08,59.1,48.8
2018-06-15,59.3,46.6
2018-06-22,59.5,58.4
2018-06-29,61.8,64.1
2018-07-06,61.7,54.6
2018-07-13,61.5,52.1
2018-07-20,61.3,47.7
2018-07-27,58.8,41.8
2018-08-03,58.7,35.4
2018-08-10,59.3,46.9
2018-08-17,59.9,42.7
2018-08-24,60.0,35.3
2018-08-31,59.6,39.9
2018-09-07,59.9,48.0
2018-09-14,59.9,37.5
2018-09-21,60.0,32.8
2018-09-28,59.7,42.0
2018-10-05,61.5,50.8
2018-10-12,61.7,71.4
2018-10-19,61.9,71.2
2018-10-26,61.3,79.2
2018-11-02,61.6,71.3
2018-11-09,61.0,65.5
2018-11-16,61.2,71.3
2018-11-23,61.7,73.9
2018-11-30,60.3,73.9
2018-12-07,58.9,79.4
2018-12-14,59.0,78.7
2018-12-21,59.6,86.2
2018-12-28,58.5,87.7
2019-01-04,59.5,83.7
2019-01-11,57.9,74.2
2019-01-18,57.6,73.9
2019-01-25,54.9,70.3
2019-02-01,54.7,68.1
2019-02-08,54.1,65.0
2019-02-15,53.7,59.3
2019-02-22,53.4,52.7
2019-03-01,52.9,50.8
2019-03-08,53.3,62.6
2019-03-15,53.3,49.5
2019-03-22,53.4,62.7
2019-03-29,55.0,46.4
2019-04-05,54.0,34.4
2019-04-12,53.9,31.0
2019-04-19,53.9,34.1
2019-04-26,53.4,35.2
2019-05-03,53.5,35.6
2019-05-10,54.2,53.4
2019-05-17,54.4,58.5
2019-05-24,54.7,64.0
2019-05-31,56.7,74.8
2019-06-07,54.7,59.1
2019-06-14,54.8,55.4
2019-06-21,54.8,50.1
2019-06-28,53.0,50.0
2019-07-05,52.6,44.9
2019-07-12,52.6,40.3
2019-07-19,52.6,53.0
2019-07-26,55.2,41.4
2019-08-02,55.3,61.3
2019-08-09,55.0,61.5
2019-08-16,56.0,61.4
2019-08-23,56.2,69.7
2019-08-30,56.4,57.7
2019-09-06,54.0,45.2
2019-09-13,54.0,37.3
2019-09-20,54.1,41.7
2019-09-27,52.0,52.7
2019-10-04,52.0,58.2
2019-10-11,52.4,52.0
2019-10-18,52.2,46.1
2019-10-25,51.6,41.6
2019-11-01,51.3,39.8
2019-11-08,51.8,36.3
2019-11-15,51.7,36.0
2019-11-22,51.7,37.6
2019-11-29,54.1,37.6
2019-12-06,55.4,37.1
2019-12-13,55.6,35.4
2019-12-20,55.7,29.1
2019-12-27,56.7,33.0
2020-01-03,56.3,36.4
2020-01-10,55.8,31.9
2020-01-17,55.3,31.5
2020-01-24,55.0,43.3
2020-01-31,57.3,59.3
2020-02-07,58.2,49.2
2020-02-14,59.6,42.3
2020-02-21,60.9,51.6
2020-02-28,60.7,85.7
2020-03-06,56.6,85.9
2020-03-13,57.6,97.2
2020-03-20,58.2,96.7
2020-03-27,57.4,98.2
2020-04-03,57.5,97.4
2020-04-10,52.8,94.4
2020-04-17,52.6,92.2
2020-04-24,52.3,89.6
2020-05-01,48.4,91.3
2020-05-08,48.9,82.9
2020-05-15,48.4,87.1
2020-05-22,47.7,81.9
2020-05-29,48.9,80.7
2020-06-05,50.0,69.0
2020-06-12,49.9,70.6
2020-06-19,49.6,68.1
2020-06-26,52.4,71.5
2020-07-03,52.2,62.6
2020-07-10,52.0,58.6
2020-07-17,51.8,53.9
2020-07-24,51.6,53.7
2020-07-31,51.5,47.2
2020-08-07,50.8,39.6
2020-08-14,50.6,39.0
2020-08-21,50.5,42.0
2020-08-28,51.4,41.1
2020-09-04,51.5,54.8
2020-09-11,52.8,55.5
2020-09-18,52.9,42.0
2020-09-25,57.8,54.1
2020-10-02,57.9,44.3
2020-10-09,58.0,42.0
2020-10-16,57.9,44.4
2020-10-23,57.8,48.4
2020-10-30,60.0,65.0
2020-11-06,60.3,41.7
2020-11-13,60.0,31.1
2020-11-20,59.6,28.1
2020-11-27,59.6,20.7
2020-12-04,59.3,30.0
2020-12-11,59.5,23.7
2020-12-18,59.4,18.1
2020-12-25,63.6,16.8
2021-01-01,63.5,20.4
2021-01-08,63.3,16.6
2021-01-15,63.3,19.7
2021-01-22,63.3,15.8
2021-01-29,65.3,31.0
2021-02-05,65.8,13.1
2021-02-12,65.8,14.3
2021-02-19,65.8,15.1
2021-02-26,67.1,32.8
2021-03-05,70.6,28.8
2021-03-12,70.4,19.6
2021-03-19,69.5,19.8
2021-03-26,69.8,18.8
2021-04-02,69.6,15.1
2021-04-09,69.7,12.9
2021-04-16,69.6,14.3
2021-04-23,69.5,15.1
2021-04-30,69.9,16.4
2021-05-07,68.4,13.7
2021-05-14,68.3,19.1
2021-05-21,68.3,21.3
2021-05-28,67.9,17.9
2021-06-04,67.9,16.0
2021-06-11,68.5,15.5
2021-06-18,68.6,26.0
2021-06-25,68.5,17.3
2021-07-02,68.6,18.4
2021-07-09,67.9,23.5
2021-07-16,68.0,32.3
2021-07-23,68.1,24.9
2021-07-30,68.2,25.1
2021-08-06,66.6,22.2
2021-08-13,66.7,23.6
2021-08-20,66.7,36.5
2021-08-27,64.8,29.4
2021-09-03,62.8,34.0
2021-09-10,63.3,42.6
2021-09-17,63.3,45.4
2021-09-24,63.3,38.4
2021-10-01,63.8,47.9
2021-10-08,65.2,38.6
2021-10-15,65.3,29.4
2021-10-22,65.5,26.2
2021-10-29,65.2,28.6
2021-11-05,62.7,29.9
2021-11-12,63.1,27.9
2021-11-19,63.5,30.7
2021-11-26,64.6,53.9
2021-12-03,64.9,55.2
2021-12-10,66.1,38.4
2021-12-17,66.0,47.6
2021-12-24,65.9,40.3
2021-12-31,61.6,39.6
2022-01-07,64.7,36.8
2022-01-14,64.7,38.0
2022-01-21,64.9,60.8
2022-01-28,60.4,65.7
2022-02-04,60.7,59.1
2022-02-11,63.0,65.3
2022-02-18,63.4,66.9
2022-02-25,57.8,68.4
2022-03-04,58.1,70.0
2022-03-11,51.5,70.3
2022-03-18,51.7,57.6
2022-03-25,51.2,48.1
2022-04-01,51.2,43.3
2022-04-08,57.3,50.8
2022-04-15,57.4,56.1
2022-04-22,57.4,60.7
2022-04-29,56.4,65.5
2022-05-06,59.3,62.4
2022-05-13,59.2,66.5
2022-05-20,59.4,67.5
2022-05-27,57.9,54.7
2022-06-03,57.3,50.1
2022-06-10,55.8,53.2
2022-06-17,56.0,64.1
2022-06-24,56.1,66.7
2022-07-01,54.6,69.3
2022-07-08,54.4,69.3
2022-07-15,55.9,67.8
2022-07-22,56.6,66.2
2022-07-29,55.3,66.0
2022-08-05,54.6,62.8
2022-08-12,54.6,55.0
2022-08-19,54.6,53.5
2022-08-26,55.1,66.4
2022-09-02,55.2,73.2
2022-09-09,58.9,66.0
2022-09-16,59.2,68.4
2022-09-23,59.4,65.4
2022-09-30,58.9,66.7
2022-10-07,60.9,63.7
2022-10-14,60.9,72.0
2022-10-21,61.0,76.8
2022-10-28,62.0,66.0
2022-11-04,61.9,61.1
2022-11-11,62.5,58.5
2022-11-18,63.7,57.9
2022-11-25,63.3,49.4
2022-12-02,63.3,45.4
2022-12-09,62.0,48.5
2022-12-16,61.9,50.9
2022-12-23,61.8,47.0
2022-12-30,61.8,47.4
2023-01-06,63.8,47.4
2023-01-13,63.6,39.5
2023-01-20,63.4,46.2
2023-01-27,62.9,38.1
2023-02-03,62.9,32.1
2023-02-10,62.2,36.6
2023-02-17,62.3,37.7
2023-02-24,62.5,49.3
2023-03-03,63.9,42.1
2023-03-10,65.2,64.1
2023-03-17,65.6,74.3
2023-03-24,65.8,69.3
2023-03-31,65.6,57.1
2023-04-07,62.4,59.8
2023-04-14,62.3,55.3
2023-04-21,62.2,50.0
2023-04-28,62.7,52.1
2023-05-05,64.3,60.4
2023-05-12,64.2,61.0
2023-05-19,64.2,60.3
2023-05-26,64.2,63.3
2023-06-02,64.2,54.7
2023-06-09,65.9,51.1
2023-06-16,65.9,37.7
2023-06-23,65.9,41.9
2023-06-30,66.6,39.6
2023-07-07,68.9,42.0
2023-07-14,68.8,36.1
2023-07-21,68.7,32.7
2023-07-28,73.1,31.0
2023-08-04,73.0,47.3
2023-08-11,73.6,38.6
2023-08-18,73.5,52.2
2023-08-25,73.8,48.4
2023-09-01,73.7,41.3
2023-09-08,74.5,45.8
2023-09-15,74.5,46.5
2023-09-22,74.6,60.3
2023-09-29,74.4,64.8
2023-10-06,74.6,66.2
2023-10-13,74.7,65.5
2023-10-20,74.7,72.6
2023-10-27,75.3,73.5
2023-11-03,75.2,58.3
2023-11-10,74.4,55.2
2023-11-17,74.3,50.2
2023-11-24,74.2,41.3
2023-12-01,72.9,37.3
2023-12-08,73.0,37.2
2023-12-15,73.0,27.8
2023-12-22,72.8,34.6
2023-12-29,74.2,25.9
2024-01-05,74.3,32.7
2024-01-12,74.2,37.0
2024-01-19,74.2,39.0
2024-01-26,79.0,35.8
2024-02-02,78.9,35.2
2024-02-09,79.4,35.8
2024-02-16,79.3,36.3
2024-02-23,79.2,35.1
2024-03-01,76.3,35.6
2024-03-08,76.5,36.9
2024-03-15,76.5,32.3
2024-03-22,76.5,30.9
2024-03-29,81.5,28.3
2024-04-05,81.9,35.3
2024-04-12,82.0,39.3
2024-04-19,82.0,49.4
2024-04-26,83.5,40.7
2024-05-03,83.5,33.3
2024-05-10,83.5,26.5
2024-05-17,83.5,29.9
2024-05-24,83.5,29.9
2024-05-31,84.3,33.5
2024-06-07,84.1,31.0
2024-06-14,84.2,36.5
2024-06-21,84.3,37.6
2024-06-28,85.2,37.6
2024-07-05,85.6,38.1
2024-07-12,85.6,39.8
2024-07-19,85.7,48.8
2024-07-26,82.4,50.5
2024-08-02,82.4,59.9
2024-08-09,81.9,58.6
2024-08-16,81.8,40.2
2024-08-23,81.6,41.5
2024-08-30,78.9,39.6
2024-09-06,78.6,61.7
2024-09-13,78.4,44.4
2024-09-20,78.3,38.4
2024-09-27,79.2,42.9
2024-10-04,79.2,42.6
2024-10-11,79.3,42.2
2024-10-18,79.2,41.2
2024-10-25,81.3,42.3
2024-11-01,81.2,45.2
2024-11-08,81.8,29.3
2024-11-15,81.7,37.9
2024-11-22,81.6,28.8
2024-11-29,85.5,21.3
2024-12-06,85.2,22.0
2024-12-13,85.2,25.8
2024-12-20,85.2,44.6
2024-12-27,87.0,38.9
2025-01-03,87.0,35.9
2025-01-10,87.0,49.9
2025-01-17,86.9,43.1
2025-01-24,86.8,38.5
2025-01-31,84.6,45.3
2025-02-07,84.4,48.1
2025-02-14,84.5,41.4
2025-02-21,84.7,52.7
2025-02-28,86.7,59.0
2025-03-07,86.8,67.4
2025-03-14,87.0,67.5
2025-03-21,87.2,68.4
2025-03-28,84.0,68.1
2025-04-04,84.2,79.8
2025-04-11,83.3,79.5
2025-04-18,83.2,76.1
2025-04-25,76.7,72.1
2025-05-02,76.5,68.8
2025-05-09,76.0,68.6
2025-05-16,75.8,54.3
2025-05-23,75.6,66.9
2025-05-30,74.4,61.5
2025-06-06,75.4,53.2
2025-06-13,75.3,58.3
2025-06-20,75.2,54.7
2025-06-27,77.0,43.6
2025-07-04,76.8,33.1
2025-07-11,76.5,30.3
2025-07-18,76.4,36.4
2025-07-25,82.2,29.7
2025-08-01,82.1,55.1
2025-08-08,82.2,39.3
2025-08-15,82.2,35.5
2025-08-22,82.1,31.4
2025-08-29,82.8,39.9
2025-09-05,82.5,40.9
2025-09-12,82.5,38.0
2025-09-19,82.5,39.8
2025-09-26,85.0,38.3
2025-10-03,85.0,40.9
2025-10-10,85.4,58.0
2025-10-17,85.4,46.6
2025-10-24,85.5,38.8
2025-10-31,86.6,43.8
2025-11-07,87.2,51.7
2025-11-14,87.2,56.5
2025-11-21,87.2,64.9
2025-11-28,88.2,40.6
2025-12-05,88.1,38.7
2025-12-12,88.0,42.6
2025-12-19,87.9,44.3
2025-12-26,86.3,40.7
2026-01-02,86.1,43.4
2026-01-09,85.8,37.4
2026-01-16,85.7,30.6
2026-01-23,85.6,31.8
2026-01-30,85.7,34.1
2026-02-06,85.8,37.4
2026-02-13,86.0,39.1
2026-02-20,86.3,36.2
2026-02-27,86.7,41.2
2026-03-06,86.6,52.7
2026-03-13,86.9,59.1
2026-03-20,87.0,57.8
2026-03-27,87.0,59.6
2026-04-03,86.9,53.6
2026-04-10,85.9,41.6
2026-04-17,85.7,32.2
2026-04-24,85.5,43.0
2026-05-01,84.4,31.8
2026-05-08,84.7,33.6
2026-05-15,84.7,41.7
2026-05-22,84.8,26.8
2026-05-29,86.3,26.1
2026-06-05,86.1,41.1
2026-06-12,85.9,28.0
2026-06-19,85.8,29.6
2026-06-26,85.6,35.6
2026-07-03,85.3,23.3
2026-07-10,85.1,24.6
2026-07-17,85.1,41.9
2026-07-24,85.1,42.5
